<?xml version="1.0" encoding="UTF-8"?>
<project-private xmlns="http://www.netbeans.org/ns/project-private/1">
    <editor-bookmarks xmlns="http://www.netbeans.org/ns/editor-bookmarks/2" lastBookmarkId="0"/>
    <open-files xmlns="http://www.netbeans.org/ns/projectui-open-files/2">
        <group>
            <file>file:/C:/Users/Packt/Documents/NetBeansProjects/AStar/src/astar/Edge.java</file>
            <file>file:/C:/Users/Packt/Documents/NetBeansProjects/AStar/src/astar/Graph.java</file>
            <file>file:/C:/Users/Packt/Documents/NetBeansProjects/AStar/src/astar/AStar.java</file>
            <file>file:/C:/Users/Packt/Documents/NetBeansProjects/AStar/src/astar/Test.java</file>
            <file>file:/C:/Users/Packt/Documents/NetBeansProjects/AStar/src/astar/Vertex.java</file>
            <file>file:/C:/Users/Packt/Documents/NetBeansProjects/AStar/src/astar/astr.java</file>
        </group>
    </open-files>
</project-private>
