<?xml version="1.0" encoding="UTF-8"?>
<project-private xmlns="http://www.netbeans.org/ns/project-private/1">
    <editor-bookmarks xmlns="http://www.netbeans.org/ns/editor-bookmarks/2" lastBookmarkId="0"/>
    <open-files xmlns="http://www.netbeans.org/ns/projectui-open-files/2">
        <group>
            <file>file:/home/nisheeth/NetBeansProjects/UCSearch/src/ucsearch/Test.java</file>
            <file>file:/home/nisheeth/NetBeansProjects/UCSearch/src/ucsearch/DijkstraAlgorithm.java</file>
            <file>file:/home/nisheeth/NetBeansProjects/UCSearch/src/ucsearch/Edge.java</file>
            <file>file:/home/nisheeth/NetBeansProjects/UCSearch/src/ucsearch/UCSearch.java</file>
            <file>file:/home/nisheeth/NetBeansProjects/UCSearch/src/ucsearch/Graph.java</file>
            <file>file:/home/nisheeth/NetBeansProjects/UCSearch/src/ucsearch/Vertex.java</file>
        </group>
    </open-files>
</project-private>
